{"cameraMode":{"drawMode":0,"name":"Shaded","section":"Shading Mode"},"sceneLighting":true,"audioPlay":false,"sceneViewState":{"showFog":true,"showMaterialUpdate":false,"showSkybox":true,"showFlares":true,"showImageEffects":true,"showParticleSystems":true},"in2DMode":false,"pivot":{"x":-133.24575805664063,"y":-57.966880798339847,"z":101.80695343017578},"rotation":{"x":-0.07619640231132508,"y":0.3603302538394928,"z":-0.02713257260620594,"w":-0.9295209646224976},"size":74.2821044921875,"orthographic":false}