{"cameraMode":{"drawMode":0,"name":"Shaded","section":"Shading Mode"},"sceneLighting":false,"audioPlay":false,"sceneViewState":{"showFog":true,"showMaterialUpdate":false,"showSkybox":false,"showFlares":true,"showImageEffects":true,"showParticleSystems":true},"in2DMode":false,"pivot":{"x":-21.086685180664064,"y":-38.20667266845703,"z":19.77446746826172},"rotation":{"x":0.19294527173042298,"y":0.6685938239097595,"z":-0.1869165003299713,"w":0.6936490535736084},"size":3.682448387145996,"orthographic":false}