{"cameraMode":{"drawMode":0,"name":"Shaded","section":"Shading Mode"},"sceneLighting":false,"audioPlay":false,"sceneViewState":{"showFog":true,"showMaterialUpdate":false,"showSkybox":false,"showFlares":true,"showImageEffects":true,"showParticleSystems":true},"in2DMode":false,"pivot":{"x":-18.88320541381836,"y":-38.38220977783203,"z":21.621458053588868},"rotation":{"x":0.11924746632575989,"y":0.8380605578422546,"z":-0.20447160303592683,"w":0.49189335107803347},"size":3.682448387145996,"orthographic":false}